t,E0,E1,E2,E3,E4,E5,E6,E7
0.000000000000000000e+00,-3.000000000000000000e+00,-3.000000000000000000e+00,-1.000000000000000000e+00,-1.000000000000000000e+00,-1.000000000000000000e+00,-1.000000000000000000e+00,-1.000000000000000000e+00,-1.000000000000000000e+00
3.344481605351170422e-02,-2.989967228569737401e+00,-2.989967228569326618e+00,-9.976018171036036275e-01,-9.976018171031991733e-01,-9.966555183950489560e-01,-9.966555183946438357e-01,-9.957098930714814999e-01,-9.957098930710770457e-01
6.688963210702340845e-02,-2.979935812982971388e+00,-2.979935812976432175e+00,-9.952043107182764192e-01,-9.952043107117402032e-01,-9.933110367958299936e-01,-9.933110367892939996e-01,-9.914204654753968615e-01,-9.914204654688606455e-01
1.003344481605351057e-01,-2.969905766989789697e+00,-2.969905766956364879e+00,-9.928074862733622385e-01,-9.928074862399360878e-01,-9.899665552173686489e-01,-9.899665551839424982e-01,-9.871317255324778550e-01,-9.871317254990517043e-01
1.337792642140468169e-01,-2.959877104532568914e+00,-2.959877104425855165e+00,-9.904113492552785170e-01,-9.904113491485576626e-01,-9.866220736853124063e-01,-9.866220735785909968e-01,-9.828436816986918512e-01,-9.828436815919708858e-01
1.672240802675585281e-01,-2.949849839749455693e+00,-2.949849839486244907e+00,-9.880159052082423399e-01,-9.880159049450266684e-01,-9.832775922364558330e-01,-9.832775919732394954e-01,-9.785563425679645322e-01,-9.785563423047488607e-01
2.006688963210702115e-01,-2.939823986977902592e+00,-2.939823986426497449e+00,-9.856211597350221787e-01,-9.856211591836133712e-01,-9.799331109192974676e-01,-9.799331103678891042e-01,-9.742697168749846481e-01,-9.742697163235759517e-01
2.341137123745819226e-01,-2.929799560758312271e+00,-2.929799559726236069e+00,-9.832271184976948408e-01,-9.832271174656170842e-01,-9.765886297946160255e-01,-9.765886287625380469e-01,-9.699838134980705018e-01,-9.699838124659927452e-01
2.675585284280936338e-01,-2.919776575837713661e+00,-2.919776574058838836e+00,-9.808337872184147432e-01,-9.808337854395347000e-01,-9.732441489360669218e-01,-9.732441471571859903e-01,-9.656986414621042680e-01,-9.656986396832243358e-01
3.010033444816053172e-01,-2.909755047173583353e+00,-2.909755044294610293e+00,-9.784411716801953984e-01,-9.784411688012190078e-01,-9.698996684308121008e-01,-9.698996655518354881e-01,-9.614142099415443621e-01,-9.614142070625678604e-01
3.344481605351170561e-01,-2.899734989937695406e+00,-2.899734985504016649e+00,-9.760492777277008924e-01,-9.760492732940196925e-01,-9.665551883801648536e-01,-9.665551839464838757e-01,-9.571305282635014233e-01,-9.571305238298202234e-01
3.678929765886287395e-01,-2.889716419520095503e+00,-2.889716412960960934e+00,-9.736581112680534611e-01,-9.736581047089161167e-01,-9.632107089002708289e-01,-9.632107023411334845e-01,-9.528476059109011187e-01,-9.528475993517636633e-01
4.013377926421404229e-01,-2.879699351533154594e+00,-2.879699342146136321e+00,-9.712676782716478385e-01,-9.712676688846285655e-01,-9.598662301228008120e-01,-9.598662207357818721e-01,-9.485654525257162240e-01,-9.485654431386968399e-01
4.347826086956521618e-01,-2.869683801815706481e+00,-2.869683788750443831e+00,-9.688779847729842576e-01,-9.688779717077197207e-01,-9.565217521956952407e-01,-9.565217391304307037e-01,-9.442840779122839701e-01,-9.442840648470194331e-01
4.682274247491638453e-01,-2.859669786437295524e+00,-2.859669768678469115e+00,-9.664890368715071123e-01,-9.664890191126738195e-01,-9.531772752839133833e-01,-9.531772575250795354e-01,-9.400034920407008832e-01,-9.400034742818675904e-01
5.016722408026755842e-01,-2.849657321702514068e+00,-2.849657298052018728e+00,-9.641008407324669349e-01,-9.641008170819661549e-01,-9.498327995702292581e-01,-9.498327759197284781e-01,-9.357237050503117715e-01,-9.357236813998108804e-01
5.351170568561872676e-01,-2.839646424155438886e+00,-2.839646393213763886e+00,-9.617134025877820402e-01,-9.617133716461025994e-01,-9.464883252560563065e-01,-9.464882943143767546e-01,-9.314447272532722089e-01,-9.314446963115927680e-01
5.685618729096989510e-01,-2.829637110584172888e+00,-2.829637070730901538e+00,-9.593267287369255936e-01,-9.593266888836508022e-01,-9.431438525623008218e-01,-9.431438127090260304e-01,-9.271665691382136032e-01,-9.271665292849387008e-01
6.020066889632106344e-01,-2.819629398025496503e+00,-2.819629347398924235e+00,-9.569408255478215608e-01,-9.569407749212447412e-01,-9.397993817302517927e-01,-9.397993311036749731e-01,-9.228892413739940848e-01,-9.228891907474171541e-01
6.354515050167224288e-01,-2.809623303769626990e+00,-2.809623240245444631e+00,-9.545556994577517607e-01,-9.545556359335667374e-01,-9.364549130225079399e-01,-9.364548494983230276e-01,-9.186127548135440968e-01,-9.186126912893589624e-01
6.688963210702341122e-01,-2.799618845365077657e+00,-2.799618766534108349e+00,-9.521713569742833450e-01,-9.521712781433107065e-01,-9.331104467239453859e-01,-9.331103678929723033e-01,-9.143371204978155697e-01,-9.143370416668427092e-01
7.023411371237457956e-01,-2.789616040623653870e+00,-2.789615943768571249e+00,-9.497878046762034954e-01,-9.497877078211149904e-01,-9.297659831427101951e-01,-9.297658862876215791e-01,-9.100623496598221340e-01,-9.100622528047335180e-01
7.357859531772574790e-01,-2.779614907625548970e+00,-2.779614789696553956e+00,-9.474050492144768798e-01,-9.474049312854778693e-01,-9.264215226112706425e-01,-9.264214046822706328e-01,-9.057884537287945736e-01,-9.057883357997954521e-01
7.692307692307691624e-01,-2.769615464724571652e+00,-2.769615322314004757e+00,-9.450230973132123236e-01,-9.450229549026394338e-01,-9.230770654874921322e-01,-9.230769230769192424e-01,-9.015154443344349788e-01,-9.015153019238619780e-01
8.026755852842808459e-01,-2.759617730553499015e+00,-2.759617559869292691e+00,-9.426419557706428032e-01,-9.426417850864343695e-01,-9.197326121557767298e-01,-9.197324414715678520e-01,-8.972433333112815879e-01,-8.972431626270731542e-01
8.361204013377926403e-01,-2.749621724029545522e+00,-2.749621520867544966e+00,-9.402616314601294212e-01,-9.402614282981227589e-01,-9.163881630282242341e-01,-9.163879598662173498e-01,-8.929721327031929778e-01,-8.929719295411862046e-01
8.695652173913043237e-01,-2.739627464359988274e+00,-2.739627224074999479e+00,-9.378821313311733743e-01,-9.378818910461819147e-01,-9.130437185458575300e-01,-9.130434782608658484e-01,-8.887018547679411684e-01,-8.887016144829495978e-01
9.030100334448160071e-01,-2.729634971047897984e+00,-2.729634688523521646e+00,-9.355034624104467955e-01,-9.355031798860683478e-01,-9.096992791798940159e-01,-9.096989966555151241e-01,-8.844325119819309577e-01,-8.844322294575523991e-01
9.364548494983276905e-01,-2.719644263898043146e+00,-2.719643933515152767e+00,-9.331256318028382513e-01,-9.331253014199425433e-01,-9.063548454330593307e-01,-9.063545150501635117e-01,-8.801641170450380525e-01,-8.801637866621423445e-01
9.698996655518393739e-01,-2.709655363022916763e+00,-2.709654978626764077e+00,-9.307486466925176671e-01,-9.307482622963618724e-01,-9.030104178409674720e-01,-9.030100334448118993e-01,-8.758966828855795361e-01,-8.758962984894236303e-01
1.003344481605351168e+00,-2.699668288848905195e+00,-2.699667843714824045e+00,-9.283725143440204608e-01,-9.283720692099348692e-01,-8.996659969735466555e-01,-8.996655518394607309e-01,-8.716302226654168983e-01,-8.716297775313311957e-01
1.036789297658862852e+00,-2.689683062122639079e+00,-2.689682548920231397e+00,-9.259972421033374479e-01,-9.259967289009266578e-01,-8.963215834365204637e-01,-8.963210702341095626e-01,-8.673647497851851851e-01,-8.673642365827742839e-01
1.070234113712374535e+00,-2.679699703917472142e+00,-2.679699114673273375e+00,-9.236228373990359453e-01,-9.236222481548336249e-01,-8.929771778729611587e-01,-8.929765886287589494e-01,-8.631002778896734728e-01,-8.630996886454712635e-01
1.103678929765886219e+00,-2.669718235640140769e+00,-2.669717561698662589e+00,-9.212493077433867583e-01,-9.212486338019032495e-01,-8.896327809648912899e-01,-8.896321070234077810e-01,-8.588368208733394571e-01,-8.588361469318558372e-01
1.137123745819397902e+00,-2.659738679037574549e+00,-2.659737911020675138e+00,-9.188766607335274728e-01,-9.188758927166236212e-01,-8.862883934349597981e-01,-8.862876254180559465e-01,-8.545743928859873551e-01,-8.545736248690836145e-01
1.170568561872909585e+00,-2.649761056203897791e+00,-2.649760183968424609e+00,-9.165049040526132007e-01,-9.165040318171358003e-01,-8.829440160481829558e-01,-8.829431438127054443e-01,-8.503130083385742610e-01,-8.503121361030967496e-01
1.204013377926421269e+00,-2.639785389587588682e+00,-2.639784402181199585e+00,-9.141340454710251695e-01,-9.141330580646306325e-01,-8.795996496137498122e-01,-8.795986622073547201e-01,-8.460526819092043516e-01,-8.460516945028097036e-01
1.237458193979932952e+00,-2.629811701998832962e+00,-2.629810587613931716e+00,-9.117640928475633233e-01,-9.117629784626591904e-01,-8.762552949869075736e-01,-8.762541806020031077e-01,-8.417934285492609803e-01,-8.417923141643567364e-01
1.270903010033444858e+00,-2.619840016617055234e+00,-2.619838762542787691e+00,-9.093950541306808910e-01,-9.093938000564074642e-01,-8.729109530709258102e-01,-8.729096989966520503e-01,-8.375352634897190729e-01,-8.375340094154456461e-01
1.304347826086956541e+00,-2.609870356998663432e+00,-2.609868949570842922e+00,-9.070269373597269480e-01,-9.070255299319008868e-01,-8.695666248191264991e-01,-8.695652173913005489e-01,-8.332782022476304951e-01,-8.332767948198044339e-01
1.337792642140468224e+00,-2.599902747084957166e+00,-2.599901171633897334e+00,-9.046597506662187316e-01,-9.046581752151550138e-01,-8.662223112370142086e-01,-8.662207357859502688e-01,-8.290222606327843913e-01,-8.290206851817207845e-01
1.371237458193979908e+00,-2.589937211210284307e+00,-2.589935452006414174e+00,-9.022935022751243928e-01,-9.022917430712524833e-01,-8.628780133844698996e-01,-8.628762541805984343e-01,-8.247674547545548185e-01,-8.247656955506827980e-01
1.404682274247491591e+00,-2.579973774110365436e+00,-2.579971814307554734e+00,-8.999282005061760570e-01,-8.999262407033582489e-01,-8.595337323780650740e-01,-8.595317725752473770e-01,-8.205138010289378947e-01,-8.205118412261200866e-01
1.438127090301003275e+00,-2.570012460930878984e+00,-2.570010282507346755e+00,-8.975638537751947643e-01,-8.975616753516569846e-01,-8.561894693934336553e-01,-8.561872909698960976e-01,-8.162613161857835697e-01,-8.162591377622456790e-01
1.471571906354514958e+00,-2.560053297236235537e+00,-2.560050880933013584e+00,-8.952004705954492714e-01,-8.951980542922239881e-01,-8.528452256677698795e-01,-8.528428093645444852e-01,-8.120100172762370061e-01,-8.120076009730118338e-01
1.505016722408026641e+00,-2.550096309018597740e+00,-2.550093634275385934e+00,-8.928380595790212926e-01,-8.928353848358041578e-01,-8.495010025024108957e-01,-8.494983277591937609e-01,-8.077599216803781346e-01,-8.077572469371611108e-01
1.538461538461538325e+00,-2.540141522707147548e+00,-2.540138567595466412e+00,-8.904766294382104874e-01,-8.904736743265234677e-01,-8.461568012655295012e-01,-8.461538461538430367e-01,-8.035110471150900269e-01,-8.035080920034028962e-01
1.571906354515050008e+00,-2.530188965177587512e+00,-2.530185706331145035e+00,-8.881161889869493287e-01,-8.881129301405015219e-01,-8.428126233949396751e-01,-8.428093645484924235e-01,-7.992634116421415413e-01,-7.992601527956936236e-01
1.605351170568561692e+00,-2.520238663761895204e+00,-2.520235076304032873e+00,-8.857567471422469474e-01,-8.857531596843795096e-01,-8.394684704010075826e-01,-8.394648829431410331e-01,-7.950170336765040036e-01,-7.950134462186365658e-01
1.638795986622073597e+00,-2.510290646258355185e+00,-2.510286703726453794e+00,-8.833983129256566258e-01,-8.833943703937514602e-01,-8.361243438696943642e-01,-8.361204013377889765e-01,-7.907719319949071402e-01,-7.907679894630020856e-01
1.672240802675585281e+00,-2.500344940941842342e+00,-2.500340615208576533e+00,-8.810408954647631630e-01,-8.810365697314921363e-01,-8.327802454657087239e-01,-8.327759197324383633e-01,-7.865281257446371521e-01,-7.865238000113661254e-01
1.705685618729096964e+00,-2.490401576574393872e+00,-2.490396837765682214e+00,-8.786845039947072111e-01,-8.786797651859922231e-01,-8.294361769358017389e-01,-8.294314381270873060e-01,-7.822856344525968009e-01,-7.822808956438818129e-01
1.739130434782608647e+00,-2.480460582416073478e+00,-2.480455398825625490e+00,-8.763291478597168283e-01,-8.763239642692662867e-01,-8.260921401121857910e-01,-8.260869565217350274e-01,-7.780444780346179590e-01,-7.780392944441674175e-01
1.772575250836120331e+00,-2.470521988236118460e+00,-2.470516326236404936e+00,-8.739748365146777775e-01,-8.739691745149591462e-01,-8.227481369161036007e-01,-8.227424749163846363e-01,-7.738046768050521607e-01,-7.737990148053335293e-01
1.806020066889632014e+00,-2.460585824324410975e+00,-2.460579648273915510e+00,-8.716215795267296951e-01,-8.716154034762307878e-01,-8.194041693615318200e-01,-8.193979933110331348e-01,-7.695662514866453696e-01,-7.695600754361466844e-01
1.839464882943143698e+00,-2.450652121503256176e+00,-2.450645393649891091e+00,-8.692693865768791328e-01,-8.692626587235076085e-01,-8.160602395590540459e-01,-8.160535117056822996e-01,-7.653292232206919676e-01,-7.653224953673205544e-01
1.872909698996655381e+00,-2.440720911139484528e+00,-2.440713591519947823e+00,-8.669182674616507933e-01,-8.669109478421096471e-01,-8.127163497198723885e-01,-8.127090301003313533e-01,-7.610936135774987177e-01,-7.610862939579574604e-01
1.906354515050167064e+00,-2.430792225156900521e+00,-2.430784271491879700e+00,-8.645682320947614130e-01,-8.645602784297371501e-01,-8.093725021600038927e-01,-8.093645484949797408e-01,-7.568594445671555926e-01,-7.568514909021313297e-01
1.939799331103678748e+00,-2.420866096049075100e+00,-2.420857463634067841e+00,-8.622192905088189585e-01,-8.622106580938091458e-01,-8.060286993046382742e-01,-8.060200668896285725e-01,-7.526267386506246826e-01,-7.526181062356149809e-01
1.973244147157190653e+00,-2.410942556892500921e+00,-2.410933198484103812e+00,-8.598714528570563509e-01,-8.598620944486544682e-01,-8.026849436926798420e-01,-8.026755852842769601e-01,-7.483955187511651674e-01,-7.483861603427633957e-01
2.006688963210702337e+00,-2.401021641360118419e+00,-2.401011507057574157e+00,-8.575247294150899480e-01,-8.575145951125414667e-01,-7.993412379814747171e-01,-7.993311036789255697e-01,-7.441658082660987938e-01,-7.441556739635503126e-01
2.040133779264214020e+00,-2.391103383735224686e+00,-2.391092420857059864e+00,-8.551791305827132206e-01,-8.551681677045444019e-01,-7.959975849517438862e-01,-7.959866220735751785e-01,-7.399376310789326228e-01,-7.399266682007640261e-01
2.073578595317725703e+00,-2.381187818925784239e+00,-2.381175971881309028e+00,-8.528346668857116342e-01,-8.528228198412295402e-01,-7.926539875127059931e-01,-7.926421404682243432e-01,-7.357110115718462628e-01,-7.356991645273642799e-01
2.107023411371237387e+00,-2.371274982479156801e+00,-2.371262192634606691e+00,-8.504913489777187197e-01,-8.504785591331645023e-01,-7.893104487074277253e-01,-7.892976588628735080e-01,-7.314859746385621309e-01,-7.314731847940080245e-01
2.140468227424749070e+00,-2.361364910597226530e+00,-2.361351116136368056e+00,-8.481491876420946818e-01,-8.481353931812317670e-01,-7.859669717183844773e-01,-7.859531772575220065e-01,-7.272625456976073988e-01,-7.272487512367448170e-01
2.173913043478260754e+00,-2.351457640152005979e+00,-2.351442775930912443e+00,-8.458081937938466410e-01,-8.457933295727483314e-01,-7.826235598732690368e-01,-7.826086956521709492e-01,-7.230407507059861683e-01,-7.230258864848881917e-01
2.207357859531772437e+00,-2.341553208701661060e+00,-2.341537206097460189e+00,-8.434683784815706353e-01,-8.434523758773653235e-01,-7.792802166510248707e-01,-7.792642140468191148e-01,-7.188206161732684230e-01,-7.188046135690633331e-01
2.240802675585284121e+00,-2.331651654507027605e+00,-2.331634441260353796e+00,-8.411297528894361442e-01,-8.411125396427572287e-01,-7.759369456881476390e-01,-7.759197324414686125e-01,-7.146021691761212935e-01,-7.145849559294426001e-01
2.274247491638795804e+00,-2.321753016548607995e+00,-2.321734516599490927e+00,-8.387923283392000329e-01,-8.387738283900761926e-01,-7.725937507852411734e-01,-7.725752508361172222e-01,-7.103854373732886307e-01,-7.103669374241650125e-01
2.307692307692307487e+00,-2.311857334544066500e+00,-2.311837467860979434e+00,-8.364561162922563575e-01,-8.364362496091659605e-01,-7.692506359138564509e-01,-7.692307692307666089e-01,-7.061704490210429785e-01,-7.061505823379529145e-01
2.341137123745819171e+00,-2.301964648966251303e+00,-2.301943331368058399e+00,-8.341211283517182551e-01,-8.340998107535202433e-01,-7.659076052236132304e-01,-7.658862876254154406e-01,-7.019572329891161644e-01,-7.019359153909182636e-01
2.374581939799330854e+00,-2.292075001061755213e+00,-2.292052144032199479e+00,-8.317873762645462410e-01,-8.317645192349863992e-01,-7.625646630496231149e-01,-7.625418060200634951e-01,-6.977458187771428122e-01,-6.977229617475833034e-01
2.408026755852842538e+00,-2.282188432870025707e+00,-2.282163943364510228e+00,-8.294548719236961576e-01,-8.294303824181759044e-01,-7.592218139202328020e-01,-7.591973244147122157e-01,-6.935362365316141142e-01,-6.935117470260939720e-01
2.441471571906354221e+00,-2.272304987243067842e+00,-2.272278767487351026e+00,-8.271236273703220787e-01,-8.270974076145999332e-01,-7.558790625650836370e-01,-7.558528428093617135e-01,-6.893285170633812742e-01,-6.893022973076594617e-01
2.474916387959865904e+00,-2.262424707865726692e+00,-2.262396655146216684e+00,-8.247936547960043052e-01,-8.247656020764906337e-01,-7.525364139235236616e-01,-7.525083612040099901e-01,-6.851226918657110643e-01,-6.850946391461977258e-01
2.508361204013378032e+00,-2.252547639276607949e+00,-2.252517645721894279e+00,-8.224649665450216585e-01,-8.224349729903056572e-01,-7.491938731533741569e-01,-7.491638795986602650e-01,-6.809187931329248045e-01,-6.808887995782091362e-01
2.541806020066889715e+00,-2.242673826889618471e+00,-2.242641779242861233e+00,-8.201375751166660732e-01,-8.201055274699047271e-01,-7.458514456400684445e-01,-7.458193979933072093e-01,-6.767168537796433014e-01,-6.766848061328822883e-01
2.575250836120401399e+00,-2.232803317016195166e+00,-2.232769096397975161e+00,-8.178114931675899424e-01,-8.177772725493663852e-01,-7.425091370061812635e-01,-7.424749163879563740e-01,-6.725169074606464070e-01,-6.724826868424231829e-01
2.608695652173913082e+00,-2.222936156888198678e+00,-2.222899638549448831e+00,-8.154867335142024221e-01,-8.154502151754471351e-01,-7.391669531213600486e-01,-7.391304347826054277e-01,-6.683189885913882744e-01,-6.682824702526334315e-01
2.642140468227424766e+00,-2.213072394681536714e+00,-2.213033447746089788e+00,-8.131633091351005982e-01,-8.131243621996502302e-01,-7.358249001127039612e-01,-7.357859531772543704e-01,-6.641231323691799693e-01,-6.640841854337298233e-01
2.675585284280936449e+00,-2.203212079540522339e+00,-2.203170566736873948e+00,-8.108412331735493916e-01,-8.107997203698957822e-01,-7.324829843755565895e-01,-7.324414715719036462e-01,-6.599293747950671918e-01,-6.598878619914139154e-01
2.709030100334448132e+00,-2.193355261602995210e+00,-2.193311038984766093e+00,-8.085205189400035408e-01,-8.084762963217706488e-01,-7.291412125847854808e-01,-7.290969899665521448e-01,-6.557377526964376369e-01,-6.556935300782050779e-01
2.742474916387959816e+00,-2.183501992026238181e+00,-2.183454908680901863e+00,-8.062011799146671098e-01,-8.061540965693273497e-01,-7.257995917065400704e-01,-7.257525083612005323e-01,-6.515483037503675412e-01,-6.515012204050280031e-01
2.775919732441471499e+00,-2.173652323013719023e+00,-2.173602220759045967e+00,-8.038832297501113944e-01,-8.038331274954344519e-01,-7.224581290105263065e-01,-7.224080267558494750e-01,-6.473610665077556003e-01,-6.473109642530787688e-01
2.809364548494983183e+00,-2.163806307842689680e+00,-2.163753020910395009e+00,-8.015666822739263564e-01,-8.015133953416289092e-01,-7.191168320827954208e-01,-7.190635451504983067e-01,-6.431760804182630187e-01,-6.431227934859660156e-01
2.842809364548494866e+00,-2.153964000892666153e+00,-2.153907355598710271e+00,-7.992515514914267927e-01,-7.991949061974679136e-01,-7.157757088391073497e-01,-7.157190635451465832e-01,-6.389933858560903346e-01,-6.389367405621317886e-01
2.876254180602006549e+00,-2.144125457674828983e+00,-2.144065272075772022e+00,-7.969378515884039116e-01,-7.968776659893439529e-01,-7.124347675388554846e-01,-7.123745819397958590e-01,-6.348130241466272139e-01,-6.347528385475676993e-01
2.909698996655518233e+00,-2.134290734862375860e+00,-2.134226818397197079e+00,-7.946255969339226510e-01,-7.945616804687405388e-01,-7.090940167996268029e-01,-7.090301003344450237e-01,-6.306350375940055208e-01,-6.305711211288237417e-01
2.943143812709029916e+00,-2.124459890321873878e+00,-2.124392043438608102e+00,-7.923148020831785043e-01,-7.922469551999103965e-01,-7.057534656123629624e-01,-7.056856187290944105e-01,-6.264594695095991872e-01,-6.263916226263314124e-01
2.976588628762541600e+00,-2.114632983145626532e+00,-2.114560996912166591e+00,-7.900054817803928708e-01,-7.899334955469282660e-01,-7.024131233572069588e-01,-7.023411371237430201e-01,-6.222863642414891983e-01,-6.222143780080251485e-01
3.010033444816053283e+00,-2.104810073685116301e+00,-2.104733729383460261e+00,-7.876976509617675815e-01,-7.876213066601085444e-01,-6.990729998200512219e-01,-6.989966555183921848e-01,-6.181157672049546470e-01,-6.180394229032958320e-01
3.043478260869564966e+00,-2.094991223585546791e+00,-2.094910292288806097e+00,-7.853913247584937141e-01,-7.853103934617480242e-01,-6.957331052097862623e-01,-6.956521739130407944e-01,-6.139477249140109505e-01,-6.138667936172655937e-01
3.076923076923076650e+00,-2.085176495821548848e+00,-2.085090737952903783e+00,-7.830865184998078155e-01,-7.830007606311585322e-01,-6.923934501763383542e-01,-6.923076923076900702e-01,-6.097822850140506290e-01,-6.096965271454016788e-01
3.110367892976588333e+00,-2.075365954734063045e+00,-2.075275119606920349e+00,-7.807832477161076312e-01,-7.806924125889592725e-01,-6.890540458294875936e-01,-6.889632107023389018e-01,-6.056194963156158462e-01,-6.055286611884677095e-01
3.143812709030100017e+00,-2.065559666068479849e+00,-2.065463491406954066e+00,-7.784815281421242350e-01,-7.783853534805950103e-01,-6.857149037585160700e-01,-6.856187290969855130e-01,-6.014594088293659935e-01,-6.013632341678372129e-01
3.177257525083611700e+00,-2.055757697014056973e+00,-2.055655908452946878e+00,-7.761813757201484476e-01,-7.760795871590359107e-01,-6.823760360527486579e-01,-6.822742474916354549e-01,-5.973020738022698506e-01,-5.972002852411575358e-01
3.210702341137123383e+00,-2.045960116244686322e+00,-2.045852426807995172e+00,-7.738828066033179853e-01,-7.737751171666238381e-01,-6.790374553229785448e-01,-6.789297658862851748e-01,-5.931475437550819407e-01,-5.930398543183880156e-01
3.244147157190635511e+00,-2.036166993961049609e+00,-2.036053103518114415e+00,-7.715858371589616738e-01,-7.714719467160229271e-01,-6.756991747238724200e-01,-6.755852842809343395e-01,-5.889958725211529300e-01,-5.888819820782144054e-01
3.277591973244147194e+00,-2.026378401934219031e+00,-2.026257996632446989e+00,-7.692904839720070553e-01,-7.691700786702301285e-01,-6.723612079773599870e-01,-6.722408026755820609e-01,-5.848471152866281386e-01,-5.847267099848516558e-01
3.311036789297658878e+00,-2.016594413550767406e+00,-2.016467165223923885e+00,-7.669967638484465056e-01,-7.668695155215990988e-01,-6.690235693970786324e-01,-6.688963210702318918e-01,-5.807013286320876766e-01,-5.805740803052403809e-01
3.344481605351170561e+00,-2.006815103859443727e+00,-2.006680669410409568e+00,-7.647046938188712950e-01,-7.645702593698326943e-01,-6.656862739139204344e-01,-6.655518394648790581e-01,-5.765585705756909318e-01,-5.764241361266525532e-01
3.377926421404682245e+00,-1.997040549619476080e+00,-1.996898570376303139e+00,-7.624142911420627167e-01,-7.622723118988866675e-01,-6.623493371027048271e-01,-6.622073578595284449e-01,-5.724189006178834749e-01,-5.722769213747078698e-01
3.411371237458193928e+00,-1.987270829350567869e+00,-1.987120930394655538e+00,-7.601255733086544897e-01,-7.599756743527380509e-01,-6.590127752100942704e-01,-6.588628762541776096e-01,-5.682823797877326610e-01,-5.681324808318165553e-01
3.444816053511705611e+00,-1.977506023384654199e+00,-1.977347812849758357e+00,-7.578385580448629977e-01,-7.576803475099627150e-01,-6.556766051837271680e-01,-6.555183946488266633e-01,-5.641490706909622066e-01,-5.639908601560622570e-01
3.478260869565217295e+00,-1.967746213919499665e+00,-1.967579282260276452e+00,-7.555532633162774792e-01,-7.553863316570517128e-01,-6.523408447027001511e-01,-6.521739130434767162e-01,-5.600190375597448034e-01,-5.598521059005193701e-01
3.511705685618728978e+00,-1.957991485074195959e+00,-1.957815404302894580e+00,-7.532697073317287106e-01,-7.530936265604226687e-01,-6.490055122094301465e-01,-6.488294314381241046e-01,-5.558923463043412561e-01,-5.557162655330354362e-01
3.545150501672240662e+00,-1.948241922946653659e+00,-1.948056245836480516e+00,-7.509879085472249693e-01,-7.508022314370479400e-01,-6.456706269429504097e-01,-6.454849498327733803e-01,-5.517690645666539773e-01,-5.515833874564772810e-01
3.578595317725752345e+00,-1.938497615673153041e+00,-1.938301874926834145e+00,-7.487078856699584950e-01,-7.485121449236343816e-01,-6.423362089737453262e-01,-6.421404682274215459e-01,-5.476492617757715564e-01,-5.474535210294478871e-01
3.612040133779264028e+00,-1.928758653490062480e+00,-1.928552360871963467e+00,-7.464296576623884460e-01,-7.462233650442871014e-01,-6.390022792401719443e-01,-6.387959866220714877e-01,-5.435330092056008811e-01,-5.433267165874999804e-01
3.645484949832775712e+00,-1.919025128797782864e+00,-1.918807774227966778e+00,-7.441532437463974636e-01,-7.439358891765774917e-01,-6.356688595865390701e-01,-6.354515050167194312e-01,-5.394203800346629718e-01,-5.392030254648434440e-01
3.678929765886287395e+00,-1.909297136227047664e+00,-1.909068186835462644e+00,-7.418786634075276165e-01,-7.416497140159399315e-01,-6.323359728029562810e-01,-6.321070234113671527e-01,-5.353114494081495645e-01,-5.350825000165621015e-01
3.712374581939799079e+00,-1.899574772707645964e+00,-1.899333671846668237e+00,-7.396059363992891766e-01,-7.393648355383091175e-01,-6.290036426669961545e-01,-6.287625418060164284e-01,-5.312062945023372507e-01,-5.309651936413576356e-01
3.745819397993310762e+00,-1.889858137539677907e+00,-1.889604303753043668e+00,-7.373350827475531055e-01,-7.370812489609156470e-01,-6.256718939873029406e-01,-6.254180602006674805e-01,-5.271049945914557666e-01,-5.268511608048185302e-01
3.779264214046822445e+00,-1.880147332467465127e+00,-1.879880158413588465e+00,-7.350661227550262522e-01,-7.347989487011480358e-01,-6.223407526491940844e-01,-6.220735785953133146e-01,-5.230076311171214520e-01,-5.227404570632435687e-01
3.812709030100334129e+00,-1.870442461756213204e+00,-1.870161313083790189e+00,-7.327990770058049330e-01,-7.325179283333792535e-01,-6.190102456623887139e-01,-6.187290969899632564e-01,-5.189142877604424609e-01,-5.186331390880172254e-01
3.846153846153845812e+00,-1.860743632271540715e+00,-1.860447846445189457e+00,-7.305339663700159969e-01,-7.302381805436607420e-01,-6.156804012109678981e-01,-6.153846153846128653e-01,-5.148250505169106317e-01,-5.145292646905555989e-01
3.879598662207357496e+00,-1.851050953562010770e+00,-1.850739838635647283e+00,-7.282708120085445991e-01,-7.279596970821778923e-01,-6.123512487056284037e-01,-6.120401337792611418e-01,-5.107400077742019207e-01,-5.104288928478354359e-01
3.913043478260869179e+00,-1.841364537944777613e+00,-1.841037371280284773e+00,-7.260096353778496825e-01,-7.256824687133530682e-01,-6.090228188384069208e-01,-6.086956521739096404e-01,-5.066592503930156255e-01,-5.063320837285194553e-01
3.946488294314381307e+00,-1.831684500594499054e+00,-1.831340527523109829e+00,-7.237504582348629478e-01,-7.234064851634715021e-01,-6.056951436399504729e-01,-6.053511705685590272e-01,-5.025828717910737486e-01,-5.022388987196824139e-01
3.979933110367892990e+00,-1.822010959635642857e+00,-1.821649392059378814e+00,-7.214933026419957374e-01,-7.211317350657274750e-01,-6.023682565394761212e-01,-6.020066889632077478e-01,-4.985109680304379287e-01,-4.981494004541700549e-01
4.013377926421404673e+00,-1.812344036238340284e+00,-1.811964051168654777e+00,-7.192381909722157518e-01,-7.188582059025273585e-01,-5.990421924275449728e-01,-5.986622073578569125e-01,-4.944436379082660094e-01,-4.940636528385778381e-01
4.046822742474915913e+00,-1.802683854717927803e+00,-1.802284592748637504e+00,-7.169851459142416727e-01,-7.165858839449468221e-01,-5.957169877218008169e-01,-5.953177257525058552e-01,-4.903809830511787204e-01,-4.899817210818842583e-01
4.080267558528428040e+00,-1.793030542638367253e+00,-1.792611106349725647e+00,-7.147341904778200528e-01,-7.143147541891736729e-01,-5.923926804358004006e-01,-5.919732441471545759e-01,-4.863231080133902373e-01,-4.859036717247441350e-01
4.113712374581939279e+00,-1.783384230919677016e+00,-1.782943683210367114e+00,-7.124853479991080096e-01,-7.120448002897951101e-01,-5.890693102511183055e-01,-5.886287625418040736e-01,-4.822701203787645441e-01,-4.818295726694521441e-01
4.147157190635451407e+00,-1.773745053949583594e+00,-1.773282416293201047e+00,-7.102386421461526211e-01,-7.097760044897680753e-01,-5.857469185928361188e-01,-5.852842809364521282e-01,-4.782221308669770687e-01,-4.777594932105930781e-01
4.180602006688962646e+00,-1.764113149699547023e+00,-1.763627400321979177e+00,-7.079940969244775673e-01,-7.075083475469072791e-01,-5.824255487086714700e-01,-5.819397993311006267e-01,-4.741792534439664419e-01,-4.736935040663966534e-01
4.214046822742474774e+00,-1.754488659845383491e+00,-1.753978731819327397e+00,-7.057517366827720240e-01,-7.052418086567111555e-01,-5.791052457518115482e-01,-5.785953177257502356e-01,-4.701416054368601216e-01,-4.696316774107995862e-01
4.247491638795986013e+00,-1.744871729892675027e+00,-1.744336509145335556e+00,-7.035115861186881370e-01,-7.029763653713447802e-01,-5.757860568677418689e-01,-5.752508361203987342e-01,-4.661093076535866575e-01,-4.655740869062436893e-01
4.280936454849498141e+00,-1.735262509307165857e+00,-1.734700832537004578e+00,-7.012736702847461867e-01,-7.007119935145815770e-01,-5.724680312852121755e-01,-5.719063545150474548e-01,-4.620824845073709386e-01,-4.615208077372066620e-01
4.314381270903010268e+00,-1.725661151650393021e+00,-1.725071804148547772e+00,-6.990380145943515533e-01,-6.984486670925008633e-01,-5.691512204115470874e-01,-5.685618729096962864e-01,-4.580612641463435719e-01,-4.574719166444931595e-01
4.347826086956521507e+00,-1.716067814720765305e+00,-1.715449528092572118e+00,-6.968046448279274774e-01,-6.961863581997299599e-01,-5.658356779325424135e-01,-5.652173913043453402e-01,-4.540457785884912667e-01,-4.534274919602941378e-01
4.381270903010033635e+00,-1.706482660700340714e+00,-1.705834110482182142e+00,-6.945735871391586214e-01,-6.939250369209966074e-01,-5.625214599171555196e-01,-5.618729096989949490e-01,-4.500361638621862559e-01,-4.493876136440246860e-01
4.414715719063544874e+00,-1.696905856307559191e+00,-1.696225659473970415e+00,-6.923448680613590867e-01,-6.916646712277660924e-01,-5.592086249272355536e-01,-5.585284280936421153e-01,-4.460325601525556016e-01,-4.453523633189629405e-01
4.448160535117057002e+00,-1.687337572956194354e+00,-1.686624285311945748e+00,-6.901185145139550059e-01,-6.894052268697016261e-01,-5.558972341325455480e-01,-5.551839464882911690e-01,-4.420351119539467355e-01,-4.413218243096939108e-01
4.481605351170568241e+00,-1.677777986920808040e+00,-1.677030100372416177e+00,-6.878945538090935896e-01,-6.871466672606971748e-01,-5.525873514313363044e-01,-5.518394648829412219e-01,-4.380439682287720626e-01,-4.372960816803760364e-01
4.515050167224080369e+00,-1.668227279508988969e+00,-1.667443219209815863e+00,-6.856730136583748525e-01,-6.848889533591995260e-01,-5.492790435767640478e-01,-5.484949832775891654e-01,-4.340592825730223980e-01,-4.332752222738472381e-01
4.548494983277591608e+00,-1.658685637240705057e+00,-1.657863758603531634e+00,-6.834539221797156783e-01,-6.826320435425391464e-01,-5.459723803094149730e-01,-5.451505016722383301e-01,-4.300812133887494948e-01,-4.292593347515732960e-01
4.581939799331103735e+00,-1.649153252035063799e+00,-1.648291837605687205e+00,-6.812373079043356761e-01,-6.803758934749558618e-01,-5.426674344962668650e-01,-5.418060200668877169e-01,-4.261099240638392960e-01,-4.252485096344599258e-01
4.615384615384614975e+00,-1.639630321404832225e+00,-1.638727577589957907e+00,-6.790231997838830358e-01,-6.781204559690133804e-01,-5.393642822764057598e-01,-5.384615384615355493e-01,-4.221455831594112529e-01,-4.212428393445419861e-01
4.648829431438127102e+00,-1.630117048659060597e+00,-1.629171102301431695e+00,-6.768116271976937215e-01,-6.758656808400617111e-01,-5.360630032138167245e-01,-5.351170568561851582e-01,-4.181883646051806069e-01,-4.172424182475492627e-01
4.682274247491638342e+00,-1.620613643114182434e+00,-1.619622537907398740e+00,-6.746026199601846685e-01,-6.736115147533976444e-01,-5.327636804576211249e-01,-5.317725752508336567e-01,-4.142384479031627764e-01,-4.132473426963761964e-01
4.715719063545150469e+00,-1.611120320313965681e+00,-1.610082013049335847e+00,-6.723962083283930857e-01,-6.713579010637603650e-01,-5.294664009101150981e-01,-5.284280936454830435e-01,-4.102960183400879424e-01,-4.092577110754554437e-01
4.749163879598661708e+00,-1.601637302258724693e+00,-1.600549658895847438e+00,-6.701924230096576451e-01,-6.691047796467765041e-01,-5.261712554030126832e-01,-5.250836120401317642e-01,-4.063612672089340072e-01,-4.052736238460530882e-01
4.782608695652173836e+00,-1.592164817644203811e+00,-1.591025609196711210e+00,-6.679912951694395584e-01,-6.668520867219435155e-01,-5.228783388822755285e-01,-5.217391304347805958e-01,-4.024343920399820473e-01,-4.012951835924862820e-01
4.816053511705685075e+00,-1.582703102110574411e+00,-1.581510000338020916e+00,-6.657928564393015280e-01,-6.645997546667443689e-01,-5.195877506019863645e-01,-5.183946488294298716e-01,-3.985155968418420125e-01,-3.973224950692849644e-01
4.849498327759197203e+00,-1.573252398501999938e+00,-1.572002971398407167e+00,-6.635971389250315822e-01,-6.623477118214357029e-01,-5.162995943276744715e-01,-5.150501672240791473e-01,-3.946050923528890420e-01,-3.933556652492935513e-01
4.882943143812708442e+00,-1.563812957137248327e+00,-1.562504664206387339e+00,-6.614041752149231179e-01,-6.600958822840596874e-01,-5.130139785495930749e-01,-5.117056856187279790e-01,-3.907030963035967308e-01,-3.893948033727333558e-01
4.916387959866220569e+00,-1.554385036091837868e+00,-1.553015223398812816e+00,-6.592139983882159271e-01,-6.578441856951868782e-01,-5.097310167064056374e-01,-5.083612040133770327e-01,-3.868098336902449086e-01,-3.854400209972162483e-01
4.949832775919731809e+00,-1.544968901492251856e+00,-1.543534796480453331e+00,-6.570266420236910987e-01,-6.555925370118903528e-01,-5.064508274198256110e-01,-5.050167224080238659e-01,-3.829255370605350040e-01,-3.814914320487345911e-01
4.983277591973243936e+00,-1.535564827822737843e+00,-1.534063533884723940e+00,-6.548421402084338983e-01,-6.533408462704176634e-01,-5.031735347406894876e-01,-5.016722408026729196e-01,-3.790504468116294157e-01,-3.775491528736135138e-01
5.016722408026756064e+00,-1.526173098245277027e+00,-1.524601589035534888e+00,-6.526605275467624034e-01,-6.510890183370169337e-01,-4.998992684070673875e-01,-4.983277591973228615e-01,-3.751848115011905405e-01,-3.736133022914451818e-01
5.050167224080267303e+00,-1.516794004933282425e+00,-1.515149118410295426e+00,-6.504818391693251156e-01,-6.488369526463346748e-01,-4.966281641149601911e-01,-4.949832775919721373e-01,-3.713288881719851164e-01,-3.696840016489949532e-01
5.083612040133779431e+00,-1.507427849419656907e+00,-1.505706281604080488e+00,-6.483061107423687686e-01,-6.465845429267900180e-01,-4.933603638021969995e-01,-4.916387959866206359e-01,-3.674829426906662255e-01,-3.657613748750874194e-01
5.117056856187290670e+00,-1.498074942959814804e+00,-1.496273241394934450e+00,-6.461333784771901012e-01,-6.443316769123066390e-01,-4.900960159461518750e-01,-4.882943143812695785e-01,-3.636472501013542358e-01,-3.618455485364709401e-01
5.150501672240802797e+00,-1.488735606910339238e+00,-1.486850163810330416e+00,-6.439636791397550519e-01,-6.420782360397426780e-01,-4.868352758759295074e-01,-4.849498327759174665e-01,-3.598220949946655534e-01,-3.579366518946534015e-01
5.183946488294314037e+00,-1.479410173123940186e+00,-1.477437218194790125e+00,-6.417970500605090223e-01,-6.398240951313568514e-01,-4.835783060997185245e-01,-4.816053511705662427e-01,-3.560077718928627011e-01,-3.540348169637108633e-01
5.217391304347826164e+00,-1.470098984361411842e+00,-1.468034577278653385e+00,-6.396335291443734361e-01,-6.375691220616119814e-01,-4.803252766479761959e-01,-4.782608695652150743e-01,-3.522045856518221107e-01,-3.501401785690607671e-01
5.250836120401337404e+00,-1.460802394721321562e+00,-1.458642417247981049e+00,-6.374731548809227100e-01,-6.353131774075806426e-01,-4.770763654332070836e-01,-4.749163879598632398e-01,-3.484128518805342800e-01,-3.462528744071928788e-01
5.284280936454849531e+00,-1.451520770088156276e+00,-1.449260917815619498e+00,-6.353159663547625069e-01,-6.330561140822228428e-01,-4.738317586270517356e-01,-4.715719063545129597e-01,-3.446328973788788108e-01,-3.423730451063393687e-01
5.317725752508360770e+00,-1.442254488599703288e+00,-1.439890262293359369e+00,-6.331620032561020572e-01,-6.307977769497554732e-01,-4.705916510555092636e-01,-4.682274247491631236e-01,-3.408650605944383294e-01,-3.385008342880919674e-01
5.351170568561872898e+00,-1.433003941134458392e+00,-1.430530637665249571e+00,-6.310113058915225448e-01,-6.285380024223095052e-01,-4.673562466130225523e-01,-4.648829431438108450e-01,-3.371096920991245582e-01,-3.346363886299126289e-01
5.384615384615384137e+00,-1.423769531819843115e+00,-1.421182234661983790e+00,-6.288639151949486639e-01,-6.262766180370848978e-01,-4.641257586963227766e-01,-4.615384615384598987e-01,-3.333671550864338862e-01,-3.307798579285705642e-01
5.418060200668896265e+00,-1.414551678562081971e+00,-1.411845247836382766e+00,-6.267198727388330060e-01,-6.240134420131318027e-01,-4.609004106588105998e-01,-4.581939799331078422e-01,-3.296378258901404568e-01,-3.269313951644388094e-01
5.451505016722407504e+00,-1.405350813598558402e+00,-1.402519875639948621e+00,-6.245792207455427292e-01,-6.217482827869289519e-01,-4.576804362863735598e-01,-4.548494983277573400e-01,-3.259220945252583324e-01,-3.230911565666449992e-01
5.484949832775919631e+00,-1.396167384073509599e+00,-1.393206320500426365e+00,-6.224420020989636093e-01,-6.194809385258768231e-01,-4.544660802954949563e-01,-4.515050167224063937e-01,-3.222203652521398176e-01,-3.192593016790530314e-01
5.518394648829430871e+00,-1.387001852637921084e+00,-1.383904788900411242e+00,-6.203082603563212505e-01,-6.172111966188091881e-01,-4.512575988545644012e-01,-4.481605351170545593e-01,-3.185330571645443865e-01,-3.154359934270336563e-01
5.551839464882942998e+00,-1.377854698074481909e+00,-1.374615491456919081e+00,-6.181780397602216759e-01,-6.149388331426557386e-01,-4.480552601292695503e-01,-4.448160535117033909e-01,-3.148606048025552884e-01,-3.116213981849900172e-01
5.585284280936454238e+00,-1.368726415948488428e+00,-1.365338643001885233e+00,-6.160513852509212906e-01,-6.126636123043134319e-01,-4.448593448529605254e-01,-4.414715719063517785e-01,-3.112034587912135830e-01,-3.078156858446059463e-01
5.618729096989966365e+00,-1.359617519285535536e+00,-1.356074462663583002e+00,-6.139283424788151144e-01,-6.103852858568599160e-01,-4.416701469229562527e-01,-4.381270903010021645e-01,-3.075620865057173692e-01,-3.040190298837623928e-01
5.652173913043477604e+00,-1.350528539276864892e+00,-1.346823173948895613e+00,-6.118089578171710397e-01,-6.081035924891986522e-01,-4.384879740236213852e-01,-4.347826086956512182e-01,-3.039369727640433005e-01,-3.002316074360715792e-01
5.685618729096989732e+00,-1.341460026013222340e+00,-1.337585004826377322e+00,-6.096932783750825813e-01,-6.058182571882348988e-01,-4.353131482771477323e-01,-4.314381270902987175e-01,-3.003286205478388204e-01,-2.964535993609915820e-01
5.719063545150501859e+00,-1.332412549248007894e+00,-1.328360187810077919e+00,-6.075813520106831955e-01,-6.035289905727516668e-01,-4.321460069228801881e-01,-4.280936454849475492e-01,-2.967375517523753725e-01,-2.926851903144429556e-01
5.752508361204013099e+00,-1.323386699190522098e+00,-1.319148960044050689e+00,-6.054732273445835311e-01,-6.012354881981094579e-01,-4.289869030260706761e-01,-4.247491638795972690e-01,-2.931643079663415197e-01,-2.889265688198676685e-01
5.785953177257525226e+00,-1.314383087330026401e+00,-1.309951563387471429e+00,-6.033689537735618114e-01,-5.989374298310059519e-01,-4.258362062168010720e-01,-4.214046822742456566e-01,-2.896094512822167122e-01,-2.851779273396610748e-01
5.819397993311036466e+00,-1.305402347291294118e+00,-1.300768244500315030e+00,-6.012685814845153409e-01,-5.966344786935344757e-01,-4.226943034598742432e-01,-4.180602006688940442e-01,-2.860735651378825128e-01,-2.814394623469032020e-01
5.852842809364548593e+00,-1.296445135722262609e+00,-1.291599254929488794e+00,-5.991721614686515984e-01,-5.943262806758748962e-01,-4.195615998563198001e-01,-4.147157190635415436e-01,-2.825572551900670248e-01,-2.777113743972901005e-01
5.886287625418059832e+00,-1.287512133214277599e+00,-1.282444851195337909e+00,-5.970797455359466710e-01,-5.920124635170036509e-01,-4.164385194771353937e-01,-4.113712374581910414e-01,-2.790611502201392202e-01,-2.739938682011959781e-01
5.919732441471571960e+00,-1.278604045255348431e+00,-1.273305294878448013e+00,-5.949913863298639249e-01,-5.896926359529615080e-01,-4.133255062297438442e-01,-4.080267558528396510e-01,-2.755859030726430792e-01,-2.702871526957406623e-01
5.953177257525083199e+00,-1.269721603216672934e+00,-1.264180852706609182e+00,-5.929071373423380198e-01,-5.873663868322724912e-01,-4.102230247575566757e-01,-4.046822742474891488e-01,-2.721321916268431007e-01,-2.665914411167773501e-01
5.986622073578595327e+00,-1.260865565372566000e+00,-1.255071796641850312e+00,-5.908270529290269302e-01,-5.850332841983081344e-01,-4.071315613728583305e-01,-4.013377926421379804e-01,-2.687007198013999787e-01,-2.629069510706816271e-01
6.020066889632106566e+00,-1.252036717953733058e+00,-1.245978403967428649e+00,-5.887511883248381928e-01,-5.826928743385302312e-01,-4.040516250230945516e-01,-3.979933110367872562e-01,-2.652922185921067211e-01,-2.592339046057985374e-01
6.053511705685618693e+00,-1.243235876233588666e+00,-1.236900957374623466e+00,-5.866795996597344853e-01,-5.803446808007657332e-01,-4.009837482904057282e-01,-3.946488294314374201e-01,-2.619074471424187589e-01,-2.555725282834495626e-01
6.086956521739129933e+00,-1.234463885647163250e+00,-1.227839745049219333e+00,-5.846123439748143191e-01,-5.779882033768692917e-01,-3.979284884240299469e-01,-3.913043478260855856e-01,-2.585471938462635677e-01,-2.519230532483185403e-01
6.120401337792642060e+00,-1.225721622941750022e+00,-1.218795060757514426e+00,-5.825494792386820553e-01,-5.756229170544446827e-01,-3.948864284049706797e-01,-3.879598662207344173e-01,-2.552122774823344376e-01,-2.482857152980966209e-01
6.153846153846153300e+00,-1.217009997358237339e+00,-1.209767203931693125e+00,-5.804910643640985857e-01,-5.732482709375517071e-01,-3.918581780419305716e-01,-3.846153846153821387e-01,-2.519035483787552820e-01,-2.446607549522081815e-01
6.187290969899665427e+00,-1.208329951841607963e+00,-1.200756479754404138e+00,-5.784371592249302196e-01,-5.708636871377230637e-01,-3.888443750972383484e-01,-3.812709030100325247e-01,-2.486218896066465511e-01,-2.410484175194391732e-01
6.220735785953176666e+00,-1.199682464278761351e+00,-1.191763199242369176e+00,-5.763878246733855626e-01,-5.684685596369898342e-01,-3.858456864410755305e-01,-3.779264214046811343e-01,-2.453682182006948764e-01,-2.374489531642991480e-01
6.254180602006688794e+00,-1.191068548761256229e+00,-1.182787679328790142e+00,-5.743431225575481580e-01,-5.660622531250789624e-01,-3.828628092317989395e-01,-3.745819397993279676e-01,-2.421434864043801038e-01,-2.338626169719100201e-01
6.287625418060200033e+00,-1.182489256870165928e+00,-1.173830242944411850e+00,-5.723031157392175494e-01,-5.636441018134612513e-01,-3.798964721197346517e-01,-3.712374581939774654e-01,-2.389486829369698029e-01,-2.302896690112137268e-01
6.321070234113712161e+00,-1.173945678979499752e+00,-1.164891219096957142e+00,-5.702678681120465498e-01,-5.612134082294999438e-01,-3.769474364711724590e-01,-3.678929765886274073e-01,-2.357848342788264606e-01,-2.267303743962802987e-01
6.354515050167223400e+00,-1.165438945574142737e+00,-1.155970942948749913e+00,-5.682374446199824902e-01,-5.587694419945856694e-01,-3.740164976086741699e-01,-3.645484949832764610e-01,-2.326530059708846743e-01,-2.231850033454874094e-01
6.387959866220735528e+00,-1.156970228577418158e+00,-1.147069755892267118e+00,-5.662119112760235495e-01,-5.563114385908713988e-01,-3.711044860630761111e-01,-3.612040133779257367e-01,-2.295543039234686500e-01,-2.196538312383158331e-01
6.421404682274246767e+00,-1.148540742682628624e+00,-1.138188005623370413e+00,-5.641913351812841704e-01,-5.538385981220219634e-01,-3.682122688318374415e-01,-3.578595317725750125e-01,-2.264898757287709952e-01,-2.161371386695079000e-01
6.454849498327758894e+00,-1.140151746682053435e+00,-1.129326046211903467e+00,-5.621757845443691171e-01,-5.513500840742180387e-01,-3.653407506373742564e-01,-3.545150501672234000e-01,-2.234609119704606961e-01,-2.126352115003096177e-01
6.488294314381271022e+00,-1.131804544785843580e+00,-1.120484238169456637e+00,-5.601653287010683879e-01,-5.488450220846781136e-01,-3.624908751782605076e-01,-3.511705685618724537e-01,-2.204686475229049591e-01,-2.091483409065146848e-01
6.521739130434782261e+00,-1.123500487922298063e+00,-1.111662948513890914e+00,-5.581600381343678752e-01,-5.463224987259580612e-01,-3.596636263649304333e-01,-3.478260869565201752e-01,-2.175143628314086808e-01,-2.056768234229995329e-01
6.555183946488294389e+00,-1.115240975009733848e+00,-1.102862550830392419e+00,-5.561599844947815452e-01,-5.437815603154383393e-01,-3.568600295305124348e-01,-3.444816053511694509e-01,-2.145993851637821859e-01,-2.022209609844385358e-01
6.588628762541805628e+00,-1.107027454189052351e+00,-1.094083425328692405e+00,-5.541652406210015869e-01,-5.412212117606396422e-01,-3.540811526061788950e-01,-3.411371237458185046e-01,-2.117250898222322597e-01,-1.987810609618700930e-01
6.622073578595317755e+00,-1.098861424004649479e+00,-1.085325958896085297e+00,-5.521758805608656395e-01,-5.386404154522996812e-01,-3.513281072490337387e-01,-3.377926421404664481e-01,-2.088929013033176130e-01,-1.953574361947505444e-01
6.655518394648828995e+00,-1.090744434520026784e+00,-1.076590545145935218e+00,-5.501919795926637491e-01,-5.360380902185690744e-01,-3.486020499092101765e-01,-3.344481605351166120e-01,-2.061042943922488657e-01,-1.919504050181544130e-01
6.688963210702341122e+00,-1.082678088352855728e+00,-1.067877584461242257e+00,-5.482136142467457507e-01,-5.334131103551300601e-01,-3.459041828213802461e-01,-3.311036789297652216e-01,-2.033607951763451993e-01,-1.885602912847290646e-01
6.722408026755852362e+00,-1.074664041612790166e+00,-1.059187484032916293e+00,-5.462408623274790376e-01,-5.307643047476029441e-01,-3.432357549042908129e-01,-3.277591973244133872e-01,-2.006639819608975195e-01,-1.851874243810214260e-01
6.755852842809364489e+00,-1.066704004723626253e+00,-1.050520657892325405e+00,-5.442738029355014273e-01,-5.280904561041981360e-01,-3.405980625503650661e-01,-3.244147157190622188e-01,-1.980154860690626073e-01,-1.818321392377584278e-01
6.789297658862875728e+00,-1.058799743109807956e+00,-1.041877526937710741e+00,-5.423125164903264128e-01,-5.253903003182263109e-01,-3.379924502858100421e-01,-3.210702341137110505e-01,-1.954169925057707147e-01,-1.784947763336706128e-01
6.822742474916387856e+00,-1.050953077725571783e+00,-1.033258518954031091e+00,-5.403570847532455090e-01,-5.226625259817028191e-01,-3.354203112799014619e-01,-3.177257525083607703e-01,-1.928702404639659473e-01,-1.751756816924230353e-01
6.856187290969899095e+00,-1.043165885403387172e+00,-1.024664068625777080e+00,-5.384075908505747687e-01,-5.199057740729626786e-01,-3.328830876806203598e-01,-3.143812709030096020e-01,-1.903770236498045776e-01,-1.718752068721915993e-01
6.889632107023411223e+00,-1.035440098996732061e+00,-1.016094617542303791e+00,-5.364641192972017247e-01,-5.171186378427710117e-01,-3.303822707520902568e-01,-3.110367892976575455e-01,-1.879391904018727910e-01,-1.685937089474414119e-01
6.923076923076922462e+00,-1.027777707290703058e+00,-1.007550614195193317e+00,-5.345267560204669532e-01,-5.142996629249541041e-01,-3.279194007878198924e-01,-3.076923076923057110e-01,-1.855586435779297272e-01,-1.653315504824155457e-01
6.956521739130434590e+00,-1.020180754652597166e+00,-9.990325139671734078e-01,-5.325955883843480620e-01,-5.114473476989209733e-01,-3.254960667723847401e-01,-3.043478260869554308e-01,-1.832373401812952274e-01,-1.620890994958668063e-01
6.989966555183945829e+00,-1.012651340393375454e+00,-9.905407791120801608e-01,-5.306707052139618686e-01,-5.085601439326643547e-01,-3.231139057629013323e-01,-3.010033444816053727e-01,-1.809772906978099893e-01,-1.588667294165122534e-01
7.023411371237457956e+00,-1.005191617809982452e+00,-9.820758787253582867e-01,-5.287521968203725553e-01,-5.056364577357468360e-01,-3.207746019608794796e-01,-2.976588628762530941e-01,-1.787805581133570243e-01,-1.556648190287310829e-01
7.056856187290969196e+00,-9.978037928778888954e-01,-9.736382887045891277e-01,-5.268401550257073573e-01,-5.026746508524062573e-01,-3.184798854442043581e-01,-2.943143812709010376e-01,-1.766492565812787241e-01,-1.524837524079771800e-01
7.090301003344481323e+00,-9.904901225629700878e-01,-9.652284916995084174e-01,-5.249346731885651263e-01,-4.996730423251010134e-01,-3.162315305290155365e-01,-2.909698996655500913e-01,-1.745855497088544261e-01,-1.493239188453896471e-01
7.123745819397992562e+00,-9.832529127221333320e-01,-9.568469770510051875e-01,-5.230358462297194366e-01,-4.966299105585899598e-01,-3.140313537313289549e-01,-2.876254180601988120e-01,-1.725916484322146394e-01,-1.461857127610840523e-01
7.157190635451504690e+00,-9.760945155628960590e-01,-9.484942407185504853e-01,-5.211437706581084628e-01,-4.935434958137633332e-01,-3.118812112991954377e-01,-2.842809364548485318e-01,-1.706698084499379542e-01,-1.430695336055919364e-01
7.190635451505016817e+00,-9.690173266336499225e-01,-9.401707851955347639e-01,-5.192585445971080738e-01,-4.904120031589904727e-01,-3.097829962876148535e-01,-2.809364548494981406e-01,-1.688223271870457065e-01,-1.399757857489267732e-01
7.224080267558528057e+00,-9.620237813185581466e-01,-9.318771194119592760e-01,-5.173802678110612785e-01,-4.872336059044599654e-01,-3.077386351507467310e-01,-2.775919732441483045e-01,-1.670515402633518942e-01,-1.369048783567492489e-01
7.257525083612040184e+00,-9.551163508140853020e-01,-9.236137586240084074e-01,-5.155090417320870033e-01,-4.840064495420076662e-01,-3.057500838288759182e-01,-2.742474916387945827e-01,-1.653598174432034940e-01,-1.338572252531226026e-01
7.290969899665551424e+00,-9.482975375681661490e-01,-9.153812242899022067e-01,-5.136449694871267901e-01,-4.807286562088612936e-01,-3.038193233117090220e-01,-2.709030100334461899e-01,-1.637495580475951673e-01,-1.308332447693278944e-01
7.324414715719063551e+00,-9.415698701679191540e-01,-9.071800439316011211e-01,-5.117881559252384083e-01,-4.773983296889168226e-01,-3.019483546644148309e-01,-2.675585284280939113e-01,-1.622231858145883887e-01,-1.278333595782659149e-01
7.357859531772574790e+00,-9.349358976677609734e-01,-8.990107509817856224e-01,-5.099387076451115108e-01,-4.740135609591348276e-01,-3.001391935087186491e-01,-2.642140468227426320e-01,-1.607831431999077187e-01,-1.248579965139299253e-01
7.391304347826086918e+00,-9.283981833567278574e-01,-8.908738846157053803e-01,-5.080967330228041146e-01,-4.705724342817794170e-01,-2.983938639584162722e-01,-2.608695652173909085e-01,-1.594318851165332784e-01,-1.219075863755076927e-01
7.424749163879598157e+00,-9.219592979718118642e-01,-8.827699895673659647e-01,-5.062623422396772543e-01,-4.670730338352293565e-01,-2.967143920164876381e-01,-2.575250836120404063e-01,-1.581718721200953137e-01,-1.189825637156465277e-01
7.458193979933110285e+00,-9.156218123729914504e-01,-8.746996159296743789e-01,-5.044356473105108263e-01,-4.635134508671919784e-01,-2.951027984500081969e-01,-2.541806020066877947e-01,-1.570055630557928295e-01,-1.160833666124724273e-01
7.491638795986621524e+00,-9.093882897054677006e-01,-8.666633189380950064e-01,-5.026167621117918483e-01,-4.598917913444173777e-01,-2.935610911687109859e-01,-2.508361204013371815e-01,-1.559354071923388929e-01,-1.132104364249630901e-01
7.525083612040133652e+00,-9.032612770851190520e-01,-8.586616587374659160e-01,-5.008058024101488259e-01,-4.562061840624939135e-01,-2.920912571436408145e-01,-2.474916387959870123e-01,-1.549638358789843240e-01,-1.103642175313276352e-01
7.558528428093644891e+00,-8.972432968542073395e-01,-8.506952001316127054e-01,-4.990028858909162368e-01,-4.524547891683202705e-01,-2.906952539132309221e-01,-2.441471571906358440e-01,-1.540932537726561469e-01,-1.075451570500581822e-01
7.591973244147157018e+00,-8.913368374657675286e-01,-8.427645123154965390e-01,-4.972081321868082604e-01,-4.486358070365354944e-01,-2.893750007355559983e-01,-2.408026755852841205e-01,-1.533260296936764799e-01,-1.047537045434021596e-01
7.625418060200668258e+00,-8.855443440664109156e-01,-8.348701685896101621e-01,-4.954216629066744426e-01,-4.447474874298721348e-01,-2.881323694567340388e-01,-2.374581939799326191e-01,-1.526644871798036318e-01,-1.019903117029987705e-01
7.658862876254180385e+00,-8.798682088583487104e-01,-8.270127460564498101e-01,-4.936436016643248603e-01,-4.407881388624248498e-01,-2.869691751764802401e-01,-2.341137123745822279e-01,-1.521108948194429544e-01,-9.925543201754216671e-02
7.692307692307691624e+00,-8.743107613318034099e-01,-8.191928252989227888e-01,-4.918740741073707179e-01,-4.367561380744874322e-01,-2.858871668021142343e-01,-2.307692307692302824e-01,-1.516674564552030757e-01,-9.654952042231823572e-02
7.725752508361203752e+00,-8.688742584682778158e-01,-8.114109900405817033e-01,-4.901132079460999158e-01,-4.326499395184020269e-01,-2.848880175915773361e-01,-2.274247491638796692e-01,-1.513363013582997851e-01,-9.387303293060078602e-02
7.759197324414714991e+00,-8.635608750229754049e-01,-8.036678267877251924e-01,-4.883611329822971081e-01,-4.284680847470451193e-01,-2.839733157937801566e-01,-2.240802675585283898e-01,-1.511194744821507951e-01,-9.122642624689769608e-02
7.792642140468227119e+00,-8.583726940007434525e-01,-7.959639244533649460e-01,-4.866179811380340059e-01,-4.242092115906557215e-01,-2.831445555005558390e-01,-2.207357859531775546e-01,-1.510189269095325582e-01,-8.861015736215227534e-02
7.826086956521738358e+00,-8.533116974436828484e-01,-7.882998739632568475e-01,-4.848838864843568741e-01,-4.198720630039293189e-01,-2.824031278282551627e-01,-2.173913043478249429e-01,-1.510365066115003652e-01,-8.602468313107136666e-02
7.859531772575250486e+00,-8.483797576499514381e-01,-7.806762678441514502e-01,-4.831589852698454646e-01,-4.154554954640439224e-01,-2.817503125482778703e-01,-2.140468227424743297e-01,-1.511739496376315328e-01,-8.347045983182843631e-02
7.892976588628762613e+00,-8.435786289419077155e-01,-7.730936997946319389e-01,-4.814434159490194043e-01,-4.109584868017414072e-01,-2.811872702844023797e-01,-2.107023411371226063e-01,-1.514328718557650388e-01,-8.094794270848537643e-02
7.926421404682273852e+00,-8.389099400975001952e-01,-7.655527642388773035e-01,-4.797373192105263140e-01,-4.063801433519020900e-01,-2.807150353903964390e-01,-2.073578595317724371e-01,-1.518147613552018882e-01,-7.845758549657622094e-02
7.959866220735785980e+00,-8.343751875516879357e-01,-7.580540558638845239e-01,-4.780408380050896744e-01,-4.017197063172849303e-01,-2.803345096142267900e-01,-2.040133779264207137e-01,-1.523209716201775477e-01,-7.599983993237025004e-02
7.993311036789297219e+00,-8.299757294646767924e-01,-7.505981691406939937e-01,-4.763541175731584865e-01,-3.969765572491739114e-01,-2.800464566450548975e-01,-2.006688963210703225e-01,-1.529527155704494268e-01,-7.357515524646363048e-02
8.026755852842809347e+00,-8.257127807411658305e-01,-7.431856978303429395e-01,-4.746773054722112084e-01,-3.921502225613869852e-01,-2.798514976265430443e-01,-1.973244147157181549e-01,-1.537110605532368002e-01,-7.118397764241213288e-02
8.060200668896321474e+00,-8.215874090698040977e-01,-7.358172344753100003e-01,-4.730105516036713365e-01,-3.872403770091752406e-01,-2.797501077048629714e-01,-1.939799331103686519e-01,-1.545969243557656636e-01,-6.882674976126790245e-02
8.093645484949831825e+00,-8.176005320351644734e-01,-7.284933698773463639e-01,-4.713540082393739006e-01,-3.822468460815520164e-01,-2.797426136628380355e-01,-1.906354515050161513e-01,-1.556110722907757538e-01,-6.650391013295342546e-02
8.127090301003343953e+00,-8.137529153361574563e-01,-7.212146925627062055e-01,-4.697078300475147072e-01,-3.771696072740607919e-01,-2.798291926731174550e-01,-1.872909698996657601e-01,-1.567541153889788763e-01,-6.421589261552407280e-02
8.160535117056856080e+00,-8.100451721255550463e-01,-7.139817882358694412e-01,-4.680721741180524642e-01,-3.720087902283633063e-01,-2.800098721840014182e-01,-1.839464882943144808e-01,-1.580265097131899887e-01,-6.196312582350083087e-02
8.193979933110368208e+00,-8.064777634657452898e-01,-7.067952392229605030e-01,-4.664471999874676422e-01,-3.667646757446801908e-01,-2.802845309317510969e-01,-1.806020066889622022e-01,-1.594285567893163336e-01,-5.974603254652843809e-02
8.227424749163878559e+00,-8.030509998765574808e-01,-6.996556239061916260e-01,-4.648330696628329983e-01,-3.614376936924642569e-01,-2.806529010539796642e-01,-1.772575250836121441e-01,-1.609604051301147809e-01,-5.756502915974537338e-02
8.260869565217390686e+00,-7.997650439326837724e-01,-6.925635161507261994e-01,-4.632299476451162690e-01,-3.560284198631562536e-01,-2.811145712602192148e-01,-1.739130434782614198e-01,-1.626220528093076378e-01,-5.542052502734751140e-02
8.294314381270902814e+00,-7.966199138512789490e-01,-6.855194847254933999e-01,-4.616380009516488636e-01,-3.505375718258617601e-01,-2.816689909986970219e-01,-1.705685618729084752e-01,-1.644133510267226095e-01,-5.331292190093617211e-02
8.327759197324414941e+00,-7.936154879953650765e-01,-6.785240927195462790e-01,-4.600573991376725180e-01,-3.449660038618508340e-01,-2.823154755433788798e-01,-1.672240802675582505e-01,-1.663340085901357235e-01,-5.124261331431445576e-02
8.361204013377925293e+00,-7.907515102059194945e-01,-6.715778969556402966e-01,-4.584883143169020681e-01,-3.393147010666184293e-01,-2.830532119124875567e-01,-1.683835972268121761e-01,-1.638795986622088030e-01,-4.920998397652975864e-02
8.394648829431437420e+00,-7.880275958654510138e-01,-6.646814474028495123e-01,-4.569309211809970961e-01,-3.335847727183922640e-01,-2.838812655194575818e-01,-1.705615576275995027e-01,-1.605351170568576347e-01,-4.721540916499600282e-02
8.428093645484949548e+00,-7.854432385884352330e-01,-6.578352865900259916e-01,-4.553853970178781685e-01,-3.277774450194662625e-01,-2.847985874499142644e-01,-1.728672061190540399e-01,-1.571906354515045789e-01,-4.525925412064435438e-02
8.461538461538461675e+00,-7.829978174294128790e-01,-6.510399490220318830e-01,-4.538519217287780849e-01,-3.218940533213939803e-01,-2.858040222535366270e-01,-1.752997418544831598e-01,-1.538461538461525224e-01,-4.334187344710072054e-02
8.494983277591972026e+00,-7.806906044976618109e-01,-6.442959606006992690e-01,-4.523306778439444287e-01,-3.159360339469765577e-01,-2.868963161377680038e-01,-1.778582544129170273e-01,-1.505016722408016872e-01,-4.146361051595170988e-02
8.528428093645484154e+00,-7.785207728680993977e-01,-6.376038380525481664e-01,-4.508218505368872808e-01,-3.099049157213304984e-01,-2.880741254510057470e-01,-1.805417316957639295e-01,-1.471571906354510739e-01,-3.962479688020981161e-02
8.561872909698996281e+00,-7.764874046811406361e-01,-6.309640883652957166e-01,-4.493256276370712898e-01,-3.038023113212212634e-01,-2.893360253459466014e-01,-1.833490680139718831e-01,-1.438127090300990174e-01,-3.782575169812507632e-02
8.595317725752508409e+00,-7.745894993293743758e-01,-6.243772082352080366e-01,-4.478421996409508443e-01,-2.976299085467813965e-01,-2.906805185189159646e-01,-1.862790722636776808e-01,-1.404682274247482932e-01,-3.606678116951167468e-02
8.628762541806020536e+00,-7.728259816358183931e-01,-6.178436835273922734e-01,-4.463717597212192301e-01,-2.921060439278259091e-01,-2.913894616127870596e-01,-1.893304760952041477e-01,-1.371237458193961256e-01,-3.434817798677669565e-02
8.662207357859530887e+00,-7.711957099367401369e-01,-6.113639887510500248e-01,-4.449145037341832865e-01,-2.936109853997375119e-01,-2.850827825484874012e-01,-1.925019419885126704e-01,-1.337792642140476218e-01,-3.267022080282155905e-02
8.695652173913043015e+00,-7.696974839912933408e-01,-6.049385865517966643e-01,-4.434706302251152366e-01,-2.951936800481929080e-01,-2.787117327856134530e-01,-1.957920711574853145e-01,-1.304347826086958984e-01,-3.103317371798763880e-02
8.729096989966555142e+00,-7.683300526501362082e-01,-5.985679272229937897e-01,-4.420403404314854345e-01,-2.968524264304877036e-01,-2.722782150043383531e-01,-1.991994112153092633e-01,-1.270903010033443969e-01,-2.943728578816506847e-02
8.762541806020067270e+00,-7.670921212253950516e-01,-5.922524482380734367e-01,-4.406238382839237078e-01,-2.985854923853140663e-01,-2.657841652965987622e-01,-2.027224635434811129e-01,-1.237458193979931176e-01,-2.788279055615860980e-02
8.795986622073577621e+00,-7.659823585146067204e-01,-5.859925738057557565e-01,-4.392213304048006028e-01,-3.003911225014935793e-01,-2.592315456959456421e-01,-2.063596903171677210e-01,-1.204013377926423933e-01,-2.636990560831486974e-02
8.829431438127089748e+00,-7.649994034412522792e-01,-5.797887144499341838e-01,-4.378330261042687743e-01,-3.022675451786106526e-01,-2.526223371129477924e-01,-2.101095211496951665e-01,-1.170568561872904478e-01,-2.489883215837507269e-02
8.862876254180601876e+00,-7.641418712840356564e-01,-5.736412666159748097e-01,-4.364591373736582680e-01,-3.042129792500011254e-01,-2.459585327055932025e-01,-2.139703593284408845e-01,-1.137123745819409448e-01,-2.346975466037748426e-02
8.896321070234114003e+00,-7.634083594759800695e-01,-5.675506123049999241e-01,-4.350998788760404024e-01,-3.062256401475652590e-01,-2.392421317050609231e-01,-2.179405876233535544e-01,-1.103678929765887773e-01,-2.208284045237518534e-02
8.929765886287624355e+00,-7.627974529625342059e-01,-5.615171187376738482e-01,-4.337554679338598840e-01,-3.083037455960985218e-01,-2.324751337089958625e-01,-2.220185736574403768e-01,-1.070234113712376089e-01,-2.073823943257879776e-02
8.963210702341136482e+00,-7.623077291152244861e-01,-5.555411380487378370e-01,-4.324261245134395359e-01,-3.104455208323755322e-01,-2.262026748359014794e-01,-2.256595334469482517e-01,-1.036789297658858855e-01,-1.943608376941263760e-02
8.996655518394648610e+00,-7.619377622037570852e-01,-5.496230070136229884e-01,-4.311120712062521676e-01,-3.126492033506693691e-01,-2.304912428369720878e-01,-2.187973160161146291e-01,-1.003344481605358274e-01,-1.817648764683654772e-02
9.030100334448160737e+00,-7.616861274350084088e-01,-5.437630468080454360e-01,-4.298135332067574144e-01,-3.149130471821484090e-01,-2.348826276730701101e-01,-2.118904525797914440e-01,-9.698996655518321575e-02,-1.695954704610536101e-02
9.063545150501671088e+00,-7.615514045719342651e-01,-5.379615628015035345e-01,-4.285307382866789805e-01,-3.172353267202632221e-01,-2.393751813354256797e-01,-2.049408965162454743e-01,-9.364548494983315763e-02,-1.578533956499306168e-02
9.096989966555183216e+00,-7.615321811491735371e-01,-5.322188443853368423e-01,-4.272639167655443160e-01,-3.196143401083155755e-01,-2.439672610391503405e-01,-1.979505800017080652e-01,-9.030100334448198929e-02,-1.465392427531464481e-02
9.130434782608695343e+00,-7.616270553050676906e-01,-5.265351648358782555e-01,-4.260133014773317406e-01,-3.220484122083202561e-01,-2.486572320886084597e-01,-1.909214110081397520e-01,-8.695652173913015481e-02,-1.356534161941647110e-02
9.163879598662207471e+00,-7.618346382519929350e-01,-5.209107812129196713e-01,-4.247791277330488224e-01,-3.245358971728509179e-01,-2.534434703851675685e-01,-1.838552706939748926e-01,-8.361204013377965261e-02,-1.251961334609386078e-02
9.197324414715717822e+00,-7.621535564084407355e-01,-5.153459342937332099e-01,-4.235616332790912431e-01,-3.270751806431364539e-01,-2.583243646009241168e-01,-1.767540111643803868e-01,-8.026755852842837324e-02,-1.151674248621314955e-02
9.230769230769229949e+00,-7.625824532171766590e-01,-5.098408485424089642e-01,-4.223610582512006273e-01,-3.296646815978437894e-01,-2.632983180429012693e-01,-1.696194535764341538e-01,-7.692307692307653877e-02,-1.055671336813468475e-02
9.264214046822742077e+00,-7.631199906742184291e-01,-5.043957321143898165e-01,-4.211776451238639085e-01,-3.323028538775550933e-01,-2.683637502326313706e-01,-1.624533865640321872e-01,-7.357859531772581452e-02,-9.639491672800093447e-03
9.297658862876254204e+00,-7.637648505933437582e-01,-4.990107768955523992e-01,-4.200116386549787029e-01,-3.349881874101644508e-01,-2.735190982259928516e-01,-1.552575649571865668e-01,-7.023411371237475720e-02,-8.765024528200826559e-03
9.331103678929766332e+00,-7.645157356303821095e-01,-4.936861585753552495e-01,-4.188632858256241542e-01,-3.377192091620481174e-01,-2.787628176977362537e-01,-1.480337087705974053e-01,-6.688963210702270068e-02,-7.933240642709504797e-03
9.364548494983276683e+00,-7.653713700908716389e-01,-4.884220367530386353e-01,-4.177328357747679410e-01,-3.404944838395046469e-01,-2.840933838144327206e-01,-1.407835024369347154e-01,-6.354515050167230950e-02,-7.144050476598939881e-03
9.397993311036788810e+00,-7.663305005436703565e-01,-4.832185550759476866e-01,-4.166205397287495726e-01,-3.433126143640433670e-01,-2.895092919186011970e-01,-1.335085942610256815e-01,-6.020066889632136320e-02,-6.397346450876417734e-03
9.431438127090300938e+00,-7.673918962619691309e-01,-4.780758414087354913e-01,-4.155266509253682239e-01,-3.461722421442031683e-01,-2.950090580456329326e-01,-1.262105960721328080e-01,-5.685618729097019486e-02,-5.693003192397072532e-03
9.464882943143813065e+00,-7.685543495119093738e-01,-4.729940080320986784e-01,-4.144514245324368851e-01,-3.490720471654265022e-01,-3.005912192938557936e-01,-1.188910830526280771e-01,-5.351170568561847141e-02,-5.030877814046430530e-03
9.498327759197323417e+00,-7.698166757075899369e-01,-4.679731518695358083e-01,-4.133951175606287443e-01,-3.520107479183203214e-01,-3.062543340666954439e-01,-1.115515937225742826e-01,-5.016722408026796920e-02,-4.410810228640760222e-03
9.531772575250835544e+00,-7.711777134498842834e-01,-4.630133547404344796e-01,-4.123579887704826863e-01,-3.549871011843659385e-01,-3.119969822044861285e-01,-1.041936300610313282e-01,-4.682274247491602370e-02,-3.832623495034548355e-03
9.565217391304347672e+00,-7.726363244650146234e-01,-4.581146836378026110e-01,-4.113402985734212480e-01,-3.579999016967764236e-01,-3.178177650220298522e-01,-9.681865774620879161e-02,-4.347826086956485536e-02,-3.296124194816729691e-03
9.598662207357859799e+00,-7.741913934574268241e-01,-4.532771910286897965e-01,-4.103423089266394763e-01,-3.610479816929502705e-01,-3.237153052665747710e-01,-8.942810649790089439e-02,-4.013377926421501929e-02,-2.801102837836189074e-03
9.632107023411370150e+00,-7.758418278900808263e-01,-4.485009151753241996e-01,-4.093642832217464500e-01,-3.641302103736178131e-01,-3.296882470094736339e-01,-8.202337050699015641e-02,-3.678929765886396197e-02,-2.347334294716563186e-03
9.665551839464882278e+00,-7.775865577039742238e-01,-4.437858804749690300e-01,-4.084064861670424484e-01,-3.672454932825159890e-01,-3.357352554834200919e-01,-7.460580893803792080e-02,-3.344481605351157238e-02,-1.934578254414787146e-03
9.698996655518394405e+00,-7.794245349873369921e-01,-4.391320978162922550e-01,-4.074691836633139719e-01,-3.703927716192041419e-01,-3.418550168758640595e-01,-6.717674649226823558e-02,-3.010033444816151427e-02,-1.562579704818212178e-03
9.732441471571906533e+00,-7.813547336038235702e-01,-4.345395649501715418e-01,-4.065526426730534659e-01,-3.735710214964584885e-01,-3.480462380879614237e-01,-5.973747401940210366e-02,-2.675585284280912468e-02,-1.231069434309506327e-03
9.765886287625416884e+00,-7.833761487877651808e-01,-4.300082668726733504e-01,-4.056571310830329180e-01,-3.767792531525492317e-01,-3.543076464672750836e-01,-5.228924916794219779e-02,-2.341137123745884452e-02,-9.397645521836972549e-04
9.799331103678929011e+00,-7.854877967135897032e-01,-4.255381762180289185e-01,-4.047829175601392881e-01,-3.800165101276672397e-01,-3.606379895213446263e-01,-4.483329706457783725e-02,-2.006688963210689902e-02,-6.883690257835084481e-04
9.832775919732441139e+00,-7.876887140454447156e-01,-4.211292536593773672e-01,-4.039302714004282535e-01,-3.832818684128220799e-01,-3.670360346182615086e-01,-3.737081101436101616e-02,-1.672240802675561966e-02,-4.765742321937160852e-04
9.866220735785953266e+00,-7.899779574722269881e-01,-4.167814483151082161e-01,-4.030994623713621827e-01,-3.865744355785221131e-01,-3.735005686794619084e-01,-2.990295321424296660e-02,-1.337792642140456234e-02,-3.040595223423390027e-04
9.899665551839463618e+00,-7.923546032323878219e-01,-4.124946981586190553e-01,-4.022907605471930381e-01,-3.898933498898216055e-01,-3.800303978691412787e-01,-2.243085547342638097e-02,-1.003344481605339400e-02,-1.704927953737245987e-04
9.933110367892975745e+00,-7.948177466321152407e-01,-4.082689304293768418e-01,-4.015044361375049720e-01,-3.932377794134377380e-01,-3.866243472839078210e-01,-1.495561993476846041e-02,-6.688963210702003614e-03,-7.553108117091546746e-05
9.966555183946487873e+00,-7.973665015599212813e-01,-4.041040620432326813e-01,-4.007407593089177267e-01,-3.966069211220365487e-01,-3.932812606456531634e-01,-7.478319792230458951e-03,-3.344481605352056519e-03,-1.882112896512768178e-05
1.000000000000000000e+01,-7.999999999999980460e-01,-3.999999999999996336e-01,-3.999999999999992450e-01,-3.999999999999991895e-01,-3.999999999999982458e-01,-7.232558785822199301e-16,-4.064847368196842701e-16,-1.031654948325017366e-17
